{"organizationId":"0e95805d-f939-4943-942f-101d447a960e","groupId":"0e95805d-f939-4943-942f-101d447a960e","assetId":"prising-api","version":"1.0.0","classifier":"raml","main":"prising-api.raml","name":"Prising API","dependencies":[{"groupId":"0e95805d-f939-4943-942f-101d447a960e","assetId":"retail_order_types","version":"1.0.1"}],"tags":[],"metadata":{"projectId":"d0b8c598-9b25-4c2d-90c2-6b2b31b3c6a5","branchId":"master","commitId":"47de9ea10eee37cb27438e61a05beac168dda88e"},"originalFormatVersion":"1.0","apiVersion":"v1"}