{"organizationId":"0e95805d-f939-4943-942f-101d447a960e","groupId":"0e95805d-f939-4943-942f-101d447a960e","assetId":"orders-api","version":"1.0.0","classifier":"raml","main":"orders-api.raml","name":"Orders API","dependencies":[{"groupId":"0e95805d-f939-4943-942f-101d447a960e","assetId":"retail_order_types","version":"1.0.0"}],"tags":[],"metadata":{"projectId":"1dd95875-255f-4a45-a3fe-f467e508bccf","branchId":"master","commitId":"58e7066e50f9e4ca4483022775dee373430edda2"},"originalFormatVersion":"1.0","apiVersion":"v1"}